Название рассылки,Название кампании,Направление,Месяц,Дата,Год,Номер недели,День недели,День недели с названием,Время,Веб-версия,Тема письма ,Сегмент ,Отправлено,Доставлено,Открытия,Клики,Баунсы (Все ошибки),Отписки,UTM Метка,Пользователей на сайте,Воронка продаж. Шаг 1,Воронка продаж. Шаг 2,Воронка продаж. Шаг 3
Название рассылки 1,Название кампании 1,Email,Октябрь,27.10.2021,2021,43,3,03-среда,19:24,#ССЫЛКА,Тема письма 1,Сегмент 1,780789,"741749,55","148349,91","17801,9892","39039,45","7417,4955",Метка 1,"16377,83006","6336,582452","6209,850803","5154,176166"
Название рассылки 10,Название кампании 10,Email,Ноябрь,05.11.2021,2021,45,5,05-пятница,12:02,#ССЫЛКА,Тема письма 10,Сегмент 2,719370,"683401,5","123012,27","11071,1043","35968,5","6834,015",Метка 10,"10296,127","3558,341491","3095,757097","2538,52082"
Название рассылки 100,Название кампании 100,Email,Апрель,11.04.2022,2022,15,1,01-понедельник,16:26,#ССЫЛКА,Тема письма 100,Сегмент 3,1201415,"1141344,25","182615,08","15339,66672","60070,75","11413,4425",Метка 100,"13959,09672","3369,725947","2864,267055","2262,770973"
Название рассылки 101,Название кампании 101,Email,Апрель,12.04.2022,2022,15,2,02-вторник,16:26,#ССЫЛКА,Тема письма 101,Сегмент 1,1393827,"1324135,65","264827,13","10328,25807","69691,35","13241,3565",Метка 101,"8985,584521","5116,391826","4277,303567","3207,977675"
Название рассылки 102,Название кампании 102,Email,Апрель,13.04.2022,2022,15,3,03-среда,16:26,#ССЫЛКА,Тема письма 102,Сегмент 2,1276821,"1212979,95","218336,391","15720,22015","63841,05","12129,7995",Метка 102,"10846,9519","2816,95341","2287,366169","1669,777303"
Название рассылки 103,Название кампании 103,Email,Апрель,14.04.2022,2022,15,4,04-четверг,16:26,#ССЫЛКА,Тема письма 103,Сегмент 3,1816560,1725732,"276117,12","33134,0544",90828,"15013,8684",Метка 103,"32140,03277","13405,60767","13137,49551","10378,62146"
Название рассылки 104,Название кампании 104,Email,Апрель,15.04.2022,2022,16,5,05-пятница,16:26,#ССЫЛКА,Тема письма 104,Сегмент 1,1002437,"952315,15","152370,424","13713,33816","50121,85","8285,141805",Метка 104,"11656,33744","7062,574852","6144,440122","2273,442845"
Название рассылки 105,Название кампании 105,Email,Апрель,14.04.2022,2022,15,4,04-четверг,14:47,#ССЫЛКА,Тема письма 105,Сегмент 2,958429,"910507,55","127471,057","10707,56879","47921,45","7921,415685",Метка 105,"9850,963285","3811,337695","3239,637041","1490,233039"
Название рассылки 106,Название кампании 106,Email,Апрель,14.04.2022,2022,15,4,04-четверг,14:24,#ССЫЛКА,Тема письма 106,Сегмент 3,2066466,"1963142,7","274839,978","10718,75914","103323,3","17079,34149",Метка 106,"9968,446002","3445,094938","2880,099368","1324,845709"
Название рассылки 107,Название кампании 107,Email,Апрель,22.04.2022,2022,17,5,05-пятница,11:49,#ССЫЛКА,Тема письма 107,Сегмент 1,1721632,"1635550,4","228977,056","16486,34803","86081,6","14229,28848",Метка 107,"15002,57671","3621,622018","2940,757078","1323,340685"
Название рассылки 108,Название кампании 108,Email,Апрель,22.04.2022,2022,17,5,05-пятница,12:11,#ССЫЛКА,Тема письма 108,Сегмент 2,2198692,"2088757,4","292426,036","35091,12432","109934,6","18172,18938",Метка 108,"30529,27816","17383,37098","17035,70356","14139,63396"
Название рассылки 109,Название кампании 109,Email,Апрель,26.04.2022,2022,17,2,02-вторник,14:56,#ССЫЛКА,Тема письма 109,Сегмент 3,1220097,"1159092,15","162272,901","14604,56109","61004,85","10084,10171",Метка 109,"10077,14715","2617,035115","2276,82055","1866,992851"
Название рассылки 11,Название кампании 11,Email,Ноябрь,10.11.2021,2021,45,3,03-среда,10:29,#ССЫЛКА,Тема письма 11,Сегмент 1,659029,"626077,55","87650,857","7362,671988","32951,45","4319,935095",Метка 11,"7141,791828","2978,841372","2532,015166","2000,291981"
Название рассылки 110,Название кампании 110,Email,Апрель,26.04.2022,2022,17,2,02-вторник,14:58,#ССЫЛКА,Тема письма 110,Сегмент 2,551502,"523926,9","73349,766","2860,640874","27575,1","3615,09561",Метка 110,"2431,544743","1473,27296","1231,656194","923,7421457"
Название рассылки 111,Название кампании 111,Email,Май,05.05.2022,2022,18,4,04-четверг,12:10,#ССЫЛКА,Тема письма 111,Сегмент 3,1129965,"1073466,75","150285,345","10820,54484","56498,25","7406,920575",Метка 111,"9954,901253","3851,551295","3127,459651","2283,045545"
Название рассылки 112,Название кампании 112,Email,Май,12.05.2022,2022,19,4,04-четверг,12:04,#ССЫЛКА,Тема письма 112,Сегмент 1,2378647,"2259714,65","316360,051","37963,20612","118932,35","15592,03109",Метка 112,"35305,78169","12201,67815","11957,64459","9446,539226"
Название рассылки 113,Название кампании 113,Email,Май,16.05.2022,2022,20,1,01-понедельник,12:06,#ССЫЛКА,Тема письма 113,Сегмент 2,725023,"688771,85","109859,1101","9887,319907","36251,15","4752,525765",Метка 113,"8997,461115","2171,987113","1889,628788","1568,391894"
Название рассылки 114,Название кампании 114,Email,Май,20.05.2022,2022,21,5,05-пятница,12:04,#ССЫЛКА,Тема письма 114,Сегмент 3,834290,"792575,5","129348,3216","10865,25901","41714,5","5468,77095",Метка 114,"9452,775343","5382,41028","4575,048738","3751,539965"
Название рассылки 115,Название кампании 115,Email,Апрель,15.04.2021,2021,15,4,04-четверг,12:04,#ССЫЛКА,Тема письма 115,Сегмент 1,688566,"654137,7","94261,24257","3676,18846","34428,3","4513,55013",Метка 115,"2536,570038","658,7472388","550,7126916","435,0630264"
Название рассылки 116,Название кампании 116,Email,Апрель,21.04.2021,2021,16,3,03-среда,12:04,#ССЫЛКА,Тема письма 116,Сегмент 2,627527,"596150,65","83341,86087","6000,613983","31376,35","4113,439485",Метка 116,"5820,595563","2427,770409","1971,349572","1478,512179"
Название рассылки 117,Название кампании 117,Email,Апрель,22.04.2021,2021,16,4,04-четверг,12:04,#ССЫЛКА,Тема письма 117,Сегмент 1,1886230,"1791918,5","285811,0008","34297,32009","94311,5","12364,23765",Метка 117,"29152,72208","17663,63431","17310,36162","12636,56398"
Название рассылки 118,Название кампании 118,Email,Апрель,23.04.2021,2021,17,5,05-пятница,12:04,#ССЫЛКА,Тема письма 118,Сегмент 2,2342323,"2225206,85","363153,7579","32683,83821","117116,15","15353,92727",Метка 118,"30069,13116","11633,74684","10121,35975","7995,874206"
Название рассылки 119,Название кампании 119,Email,Апрель,30.04.2021,2021,18,5,05-пятница,12:04,#ССЫЛКА,Тема письма 119,Сегмент 3,724212,"688001,4","99141,00174","8327,844146","36210,6","4747,20966",Метка 119,"7744,895056","2676,635731","2275,140372","1888,366508"
Название рассылки 12,Название кампании 12,Email,Ноябрь,10.11.2021,2021,45,3,03-среда,10:32,#ССЫЛКА,Тема письма 12,Сегмент 1,595026,"565274,7","79025,40306","3081,990719","29751,3","3561,23061",Метка 12,"2804,611555","677,0332293","565,9997797","464,1198193"
Название рассылки 120,Название кампании 120,Email,Май,05.05.2021,2021,18,3,03-среда,12:04,#ССЫЛКА,Тема письма 120,Сегмент 2,1534412,"1457691,4","232501,7783","16740,12804","76720,6","9183,45582",Метка 120,"14563,91139","8292,691147","6733,665211","5319,595517"
Название рассылки 121,Название кампании 121,Email,Май,11.05.2021,2021,19,2,02-вторник,12:04,#ССЫЛКА,Тема письма 121,Сегмент 3,1271610,"1208029,5","197150,4144","23658,04973","63580,5","7610,58585",Метка 121,"16324,05431","4239,356905","4154,569767","3115,927325"
Название рассылки 122,Название кампании 122,Email,Май,26.05.2021,2021,21,3,03-среда,12:04,#ССЫЛКА,Тема письма 122,Сегмент 1,1840578,"1748549,1","251965,9253","22676,93328","92028,9","11015,85933",Метка 122,"21996,62528","9174,792404","7982,069392","5826,910656"
Название рассылки 123,Название кампании 123,Email,Май,06.05.2021,2021,18,4,04-четверг,12:04,#ССЫЛКА,Тема письма 123,Сегмент 2,1543014,"1519868,79","212477,6568","17848,12317","23145,21","9575,173377",Метка 123,"15170,9047","9192,051157","7813,243483","6172,462352"
Название рассылки 124,Название кампании 124,Email,Июнь,03.06.2021,2021,22,4,04-четверг,12:04,#ССЫЛКА,Тема письма 124,Сегмент 3,1908956,"1870776,88","298388,9124","11637,16758","38179,12","11785,89434",Метка 124,"10706,19418","4142,226526","3462,901376","2874,208142"
Название рассылки 125,Название кампании 125,Email,Июнь,30.06.2021,2021,26,3,03-среда,12:04,#ССЫЛКА,Тема письма 125,Сегмент 1,1048331,"1027364,38","167665,8668","12071,94241","20966,62","6472,395594",Метка 125,"11226,90644","3880,018866","3150,575319","2583,471762"
Название рассылки 126,Название кампании 126,Email,Июнь,30.06.2021,2021,26,3,03-среда,12:04,#ССЫЛКА,Тема письма 126,Сегмент 2,1139864,"1122766,04","161790,5864","19414,87036","17097,96","7073,426052",Метка 126,"17667,53203","4264,942232","4179,643388","3301,918276"
Название рассылки 127,Название кампании 127,Email,Июнь,11.06.2021,2021,24,5,05-пятница,12:04,#ССЫЛКА,Тема письма 127,Сегмент 3,1532124,"1501481,52","209907,1165","18891,64048","30642,48","9459,333576",Метка 127,"16435,72722","9358,50308","8141,89768","6106,42326"
Название рассылки 128,Название кампании 128,Email,Июнь,11.06.2021,2021,24,5,05-пятница,12:04,#ССЫЛКА,Тема письма 128,Сегмент 1,2204384,"2160296,32","344567,263","28943,6501","44087,68","13609,86682",Метка 128,"19971,11857","5186,499492","4408,524568","3218,222934"
Название рассылки 129,Название кампании 129,Email,Июнь,17.06.2021,2021,24,4,04-четверг,12:04,#ССЫЛКА,Тема письма 129,Сегмент 2,637366,"627805,51","102457,8592","3995,85651","9560,49","3955,174713",Метка 129,"3875,980815","1616,671598","1351,537456","1067,71459"
Название рассылки 13,Название кампании 13,Email,Ноябрь,10.11.2021,2021,45,3,03-среда,10:34,#ССЫЛКА,Тема письма 13,Сегмент 3,1662638,"1629385,24","234794,4131","16905,19774","33252,76","10265,12701",Метка 13,"14369,41808","8706,430415","7069,621497","5867,785843"
Название рассылки 130,Название кампании 130,Email,Июнь,17.06.2021,2021,24,4,04-четверг,12:04,#ССЫЛКА,Тема письма 130,Сегмент 1,803451,"787381,98","110076,0008","13209,1201","16069,02","4724,29188",Метка 130,"12152,39049","4701,75988","3996,495898","3277,126636"
Название рассылки 131,Название кампании 131,Email,Июнь,17.06.2021,2021,24,4,04-четверг,12:04,#ССЫЛКА,Тема письма 131,Сегмент 2,712081,"701399,785","111873,2657","10068,59391","10681,215","4208,39871",Метка 131,"9363,79234","3236,126633","2705,401865","2137,267473"
Название рассылки 132,Название кампании 132,Email,Июнь,23.06.2021,2021,25,3,03-среда,12:04,#ССЫЛКА,Тема письма 132,Сегмент 3,1895354,"1857446,92","303135,3373","25463,36834","37907,08","11144,68152",Метка 132,"23171,66519","5593,639976","4542,035661","3406,526745"
Название рассылки 133,Название кампании 133,Email,Июнь,24.06.2021,2021,25,4,04-четверг,12:04,#ССЫЛКА,Тема письма 133,Сегмент 1,2087014,"2045273,72","294723,9431","11494,23378","41740,28","12271,64232",Метка 133,"9999,983388","5693,990541","5580,11073","4073,480833"
Название рассылки 134,Название кампании 134,Email,Июнь,25.06.2021,2021,26,5,05-пятница,12:04,#ССЫЛКА,Тема письма 134,Сегмент 2,937507,"923444,395","129097,5264","9295,021902","14062,605","5540,66637",Метка 134,"6413,565113","1665,60286","1449,074488","1144,768845"
Название рассылки 135,Название кампании 135,Email,Июнь,29.06.2021,2021,26,2,02-вторник,12:04,#ССЫЛКА,Тема письма 135,Сегмент 1,624628,"612135,44","97635,60268","11716,27232","12492,56","3672,81264",Метка 135,"11364,78415","4740,25147","4029,213749","3344,247412"
Название рассылки 136,Название кампании 136,Email,Июль,10.07.2021,2021,28,6,06-суббота,12:04,#ССЫЛКА,Тема письма 136,Сегмент 2,873732,"856257,36","139741,2012","12576,7081","17474,64","5137,54416",Метка 136,"10690,20189","6477,193324","5414,933619","4440,245567"
Название рассылки 137,Название кампании 137,Email,Июль,13.07.2021,2021,28,2,02-вторник,12:04,#ССЫЛКА,Тема письма 137,Сегмент 3,1191813,"1173935,805","169164,1495","14209,78856","17877,195","7043,61483",Метка 137,"13073,00547","5057,945818","4107,052004","3244,571083"
Название рассылки 138,Название кампании 138,Email,Июль,15.07.2021,2021,28,4,04-четверг,12:04,#ССЫЛКА,Тема письма 138,Сегмент 1,1496548,"1466617,04","205033,0622","7996,289425","29930,96","8799,70224",Метка 138,"7436,549166","2570,071392","2184,560683","1638,420512"
Название рассылки 139,Название кампании 139,Email,Июль,21.07.2021,2021,29,3,03-среда,12:04,#ССЫЛКА,Тема письма 139,Сегмент 2,1739639,"1704846,22","271922,9721","19578,45399","34792,78","10229,07732",Метка 139,"17816,39313","4300,877302","3595,533424","2624,7394"
Название рассылки 14,Название кампании 14,Email,Ноябрь,10.11.2021,2021,45,3,03-среда,10:36,#ССЫЛКА,Тема письма 14,Сегмент 3,2451610,"2414835,85","394101,2107","47292,14529","36774,15","14489,0151",Метка 14,"41144,1664","23427,48835","19023,12054","15028,26523"
Название рассылки 140,Название кампании 140,Email,Июль,24.07.2021,2021,30,6,06-суббота,12:04,#ССЫЛКА,Тема письма 140,Сегмент 1,1302288,"1276242,24","183906,5068","16551,58561","26045,76","7657,45344",Метка 140,"11420,59407","2965,92828","2906,609715","2412,486063"
Название рассылки 141,Название кампании 141,Email,Июль,28.07.2021,2021,30,3,03-среда,12:04,#ССЫЛКА,Тема письма 141,Сегмент 2,963389,"944121,22","131988,1466","11087,00431","19267,78","5664,72732",Метка 141,"10754,39418","4485,657813","3902,522297","3200,068284"
Название рассылки 142,Название кампании 142,Email,Август,03.08.2021,2021,31,2,02-вторник,12:04,#ССЫЛКА,Тема письма 142,Сегмент 3,2443329,"2406679,065","265938,0367","10371,58343","36649,935","13958,73858",Метка 142,"8815,845916","5341,521041","4540,292884","3586,831379"
Название рассылки 143,Название кампании 143,Email,Август,12.08.2021,2021,32,4,04-четверг,12:04,#ССЫЛКА,Тема письма 143,Сегмент 1,926161,"907637,78","163374,8004","11762,98563","18523,22","5264,299124",Метка 143,"10821,94678","4187,011209","3500,34137","2625,256028"
Название рассылки 144,Название кампании 144,Email,Август,17.08.2021,2021,33,2,02-вторник,12:04,#ССЫЛКА,Тема письма 144,Сегмент 2,2305760,"2259644,8","393856,0886","47262,73064","46115,2","13331,90432",Метка 144,"43954,33949","15190,61973","12334,78322","9004,39175"
Название рассылки 145,Название кампании 145,Email,Август,20.08.2021,2021,34,5,05-пятница,12:04,#ССЫЛКА,Тема письма 145,Сегмент 3,702289,"691754,665","76438,89048","6879,500143","10534,335","3943,001591",Метка 145,"6260,345131","1511,247315","1284,560217","1014,802572"
Название рассылки 146,Название кампании 146,Email,Август,24.08.2021,2021,34,2,02-вторник,12:04,#ССЫЛКА,Тема письма 146,Сегмент 1,573276,"561810,48","101125,8864","8494,574458","11465,52","3202,319736",Метка 146,"7390,279778","4208,025306","3517,909156","2919,864599"
Название рассылки 147,Название кампании 147,Email,Август,30.08.2021,2021,35,1,01-понедельник,12:04,#ССЫЛКА,Тема письма 147,Сегмент 2,1956368,"1917240,64","334175,0436","13032,8267","39127,36","9586,2032",Метка 147,"8992,650422","2335,391315","1896,337747","1554,996953"
Название рассылки 148,Название кампании 148,Email,Сентябрь,09.09.2021,2021,36,4,04-четверг,12:04,#ССЫЛКА,Тема письма 148,Сегмент 3,1380708,"1359997,38","150279,7105","10820,13916","20710,62","7887,984804",Метка 148,"10495,53498","4377,68764","4290,133888","3389,205771"
Название рассылки 149,Название кампании 149,Email,Сентябрь,16.09.2021,2021,37,4,04-четверг,12:04,#ССЫЛКА,Тема письма 149,Сегмент 1,624983,"612483,34","110247,0012","13229,64014","12499,66","3613,651706",Метка 149,"11245,19412","6813,463119","5927,712913","4445,784685"
Название рассылки 15,Название кампании 15,Email,Ноябрь,11.11.2021,2021,45,4,04-четверг,12:11,#ССЫЛКА,Тема письма 15,Сегмент 2,676699,"663165,02","115589,663","10403,06967","13533,98","3780,040614",Метка 15,"9570,824095","3702,951842","3147,509066","2297,681618"
Название рассылки 150,Название кампании 150,Email,Сентябрь,01.09.2021,2021,35,3,03-среда,12:04,#ССЫЛКА,Тема письма 150,Сегмент 3,846810,"834107,85","92168,91743","7742,189064","12702,15","4754,414745",Метка 150,"7200,235829","2488,401503","2080,303656","1643,439888"
Название рассылки 151,Название кампании 151,Email,Сентябрь,08.09.2021,2021,36,3,03-среда,12:04,#ССЫЛКА,Тема письма 151,Сегмент 1,1497564,"1452637,08","133642,6114","5212,061843","44926,92","7263,1854",Метка 151,"4742,976277","1144,954473","929,7030323","771,6535168"
Название рассылки 152,Название кампании 152,Email,Сентябрь,13.09.2021,2021,37,1,01-понедельник,12:04,#ССЫЛКА,Тема письма 152,Сегмент 2,1470010,"1425909,7","248536,0607","17894,59637","44100,3","8270,27626",Метка 152,"15568,29884","8864,589361","7534,900957","6178,618785"
Название рассылки 153,Название кампании 153,Email,Сентябрь,17.09.2021,2021,38,5,05-пятница,12:04,#ССЫЛКА,Тема письма 153,Сегмент 1,767766,"744733,02","82292,99871","9875,159845","23032,98","4393,924818",Метка 153,"6813,860293","1769,559518","1479,351757","1168,687888"
Название рассылки 154,Название кампании 154,Email,Сентябрь,22.09.2021,2021,38,3,03-среда,12:04,#ССЫЛКА,Тема письма 154,Сегмент 2,1668552,"1618495,44","148901,5805","13401,14224","50056,56","9225,424008",Метка 154,"12999,10798","5421,927937","4402,605485","3301,954113"
Название рассылки 155,Название кампании 155,Email,Октябрь,08.10.2021,2021,41,5,05-пятница,12:04,#ССЫЛКА,Тема письма 155,Сегмент 3,1596215,"1548328,55","269873,6663","22669,38797","47886,45","8825,472735",Метка 155,"19268,97977","11675,07484","9923,813617","7244,38394"
Название рассылки 156,Название кампании 156,Email,Октябрь,15.10.2021,2021,42,5,05-пятница,12:04,#ССЫЛКА,Тема письма 156,Сегмент 1,1274813,"1236568,61","173119,6054","6751,664611","38244,39","6182,84305",Метка 156,"6211,531442","2403,241515","2009,109906","1587,196826"
Название рассылки 157,Название кампании 157,Email,Октябрь,01.10.2021,2021,40,5,05-пятница,12:04,#ССЫЛКА,Тема письма 157,Сегмент 2,1719390,"1667808,3","184292,8172","13269,08283","51581,7","9673,28814",Метка 157,"12340,24704","4264,789376","3463,008973","2874,297448"
Название рассылки 158,Название кампании 158,Email,Октябрь,06.10.2021,2021,40,3,03-среда,12:04,#ССЫЛКА,Тема письма 158,Сегмент 3,1710675,"1659354,75","298683,855","35842,0626","51320,25","9790,193025",Метка 158,"32616,27697","7873,56926","7716,097874","6327,200257"
Название рассылки 159,Название кампании 159,Email,Октябрь,13.10.2021,2021,41,3,03-среда,12:04,#ССЫЛКА,Тема письма 159,Сегмент 1,1269296,"1231217,12","214601,144","19314,10296","38078,88","7017,937584",Метка 159,"16803,26958","9567,781697","8323,970076","6575,93636"
Название рассылки 16,Название кампании 16,Email,Ноябрь,12.11.2021,2021,46,5,05-пятница,13:34,#ССЫЛКА,Тема письма 16,Сегмент 2,948436,"919982,92","101658,1127","8539,281463","28453,08","5243,902644",Метка 16,"5892,10421","1530,179463","1300,652544","975,4894078"
Название рассылки 160,Название кампании 160,Email,Октябрь,16.10.2021,2021,42,6,06-суббота,12:04,#ССЫЛКА,Тема письма 160,Сегмент 3,566216,"549229,52","50529,11584","1970,635518","16986,48","2746,1476",Метка 160,"1911,516452","797,2935122","666,5373762","486,5722846"
Название рассылки 161,Название кампании 161,Email,Октябрь,18.10.2021,2021,42,1,01-понедельник,12:04,#ССЫЛКА,Тема письма 161,Сегмент 1,1626801,"1577996,97","275044,8719","19803,23077","48804,03","9152,382426",Метка 161,"16832,74616","10198,9609","8281,556249","6542,429436"
Название рассылки 162,Название кампании 162,Email,Октябрь,26.10.2021,2021,43,2,02-вторник,14:54,#ССЫЛКА,Тема письма 162,Сегмент 2,598309,"580359,73","64129,75017","7695,57002","17949,27","3424,122407",Метка 162,"7079,924418","2739,222757","2684,438302","2228,083791"
Название рассылки 163,Название кампании 163,Email,Октябрь,26.10.2021,2021,43,2,02-вторник,15:02,#ССЫЛКА,Тема письма 163,Сегмент 3,2492076,"2417313,72","222392,8622","20015,3576","74762,28","13778,6882",Метка 163,"18614,28257","6433,096056","5596,793569","4589,370726"
Название рассылки 164,Название кампании 164,Email,Октябрь,30.10.2021,2021,44,6,06-суббота,11:02,#ССЫЛКА,Тема письма 164,Сегмент 1,2010902,"1950574,94","215538,5309","18105,23659","60327,06","11118,27716",Метка 164,"16475,7653","3977,249743","3380,662282","2670,723203"
Название рассылки 165,Название кампании 165,Email,Октябрь,30.10.2021,2021,44,6,06-суббота,11:02,#ССЫЛКА,Тема письма 165,Сегмент 2,873482,"847277,54","152509,9572","5947,888331","26204,46","4236,3877",Метка 165,"5174,662848","2946,453026","2504,485072","1878,363804"
Название рассылки 166,Название кампании 166,Email,Ноябрь,02.11.2021,2021,44,2,02-вторник,18:15,#ССЫЛКА,Тема письма 166,Сегмент 3,1058150,"1026405,5","178902,4787","12880,97846","31744,5","5953,1519",Метка 166,"8887,875139","2308,181174","1929,639461","1408,636807"
Название рассылки 167,Название кампании 167,Email,Ноябрь,02.11.2021,2021,44,2,02-вторник,18:14,#ССЫЛКА,Тема письма 167,Сегмент 1,1607791,"1559557,27","172331,0783","20679,7294","48233,73","9201,387893",Метка 167,"20059,33752","8366,749679","6793,800739","5367,102584"
Название рассылки 168,Название кампании 168,Email,Ноябрь,05.11.2021,2021,45,5,05-пятница,12:02,#ССЫЛКА,Тема письма 168,Сегмент 2,2339384,"2269202,48","208766,6282","18788,99653","70181,52","12934,45414",Метка 168,"15970,64705","9676,61505","9483,082749","7870,958682"
Название рассылки 169,Название кампании 169,Email,Ноябрь,05.11.2021,2021,45,5,05-пятница,12:02,#ССЫЛКА,Тема письма 169,Сегмент 3,847444,"822020,68","143278,2045","12035,36918","25423,32","4685,517876",Метка 169,"11072,53965","4283,965589","3727,050062","3056,181051"
Название рассылки 17,Название кампании 17,Email,Ноябрь,12.11.2021,2021,46,5,05-пятница,13:34,#ССЫЛКА,Тема письма 17,Сегмент 1,1502112,"1457048,64","161003,8747","6279,151114","45063,36","7285,2432",Метка 17,"5839,610536","2018,169401","1715,443991","1355,200753"
Название рассылки 170,Название кампании 170,Email,Ноябрь,09.11.2021,2021,45,2,02-вторник,18:56,#ССЫЛКА,Тема письма 170,Сегмент 2,1977100,1917787,"176436,404","12703,42109",59313,"11123,1646",Метка 170,"11560,11319","2790,611324","2332,951067","1749,7133"
Название рассылки 171,Название кампании 171,Email,Ноябрь,09.11.2021,2021,45,2,02-вторник,18:56,#ССЫЛКА,Тема письма 171,Сегмент 1,1983507,"1924001,79","212602,1978","25512,26374","59505,21","11351,61056",Метка 171,"22195,66945","12638,21418","10262,22992","7491,42784"
Название рассылки 172,Название кампании 172,Email,Ноябрь,12.11.2021,2021,46,5,05-пятница,18:09,#ССЫЛКА,Тема письма 172,Сегмент 2,562512,"545636,64","98214,5952","8839,313568","16875,36","3110,128848",Метка 172,"6099,126362","1583,943116","1552,264254","1226,288761"
Название рассылки 173,Название кампании 173,Email,Ноябрь,12.11.2021,2021,46,5,05-пятница,18:10,#ССЫЛКА,Тема письма 173,Сегмент 3,2295981,"2250061,38","248631,7825","20885,06973","45919,62","12825,34987",Метка 173,"20258,51764","8449,827707","7351,350105","6101,620587"
Название рассылки 174,Название кампании 174,Email,Ноябрь,12.11.2021,2021,46,5,05-пятница,18:10,#ССЫЛКА,Тема письма 174,Сегмент 1,2225984,"2181464,32","392663,5776","15313,87953","44519,68","10907,3216",Метка 174,"13016,7976","7886,877664","6703,846015","5497,153732"
Название рассылки 175,Название кампании 175,Email,Ноябрь,12.11.2021,2021,46,5,05-пятница,18:10,#ССЫЛКА,Тема письма 175,Сегмент 2,1597737,"1573770,945","274308,2757","19750,19585","23966,055","9127,871481",Метка 175,"18170,18018","7030,042713","5975,536306","4720,673682"
Название рассылки 176,Название кампании 176,Email,Ноябрь,12.11.2021,2021,46,5,05-пятница,18:10,#ССЫЛКА,Тема письма 176,Сегмент 3,1381312,"1353685,76","149582,2765","17949,87318","27626,24","7986,745984",Метка 176,"16693,38206","5769,232838","4823,078653","3617,30899"
Название рассылки 177,Название кампании 177,Email,Ноябрь,12.11.2021,2021,46,5,05-пятница,18:10,#ССЫЛКА,Тема письма 177,Сегмент 1,1906931,"1868792,38","171928,899","15473,60091","38138,62","10652,11657",Метка 177,"14080,97682","3399,147806","2760,108018","2014,878853"
Название рассылки 178,Название кампании 178,Email,Ноябрь,12.11.2021,2021,46,5,05-пятница,18:10,#ССЫЛКА,Тема письма 178,Сегмент 2,2074099,"2042987,515","356092,7239","29911,7888","31111,485","11645,02884",Метка 178,"26023,25626","14817,64211","14521,28927","11471,81853"
Название рассылки 179,Название кампании 179,Email,Ноябрь,12.11.2021,2021,46,5,05-пятница,18:10,#ССЫЛКА,Тема письма 179,Сегмент 3,2169298,"2125912,04","234913,2804","9161,617936","43385,96","10629,5602",Метка 179,"6321,516376","1641,697803","1428,277089","1185,469983"
Название рассылки 18,Название кампании 18,Email,Ноябрь,12.11.2021,2021,46,5,05-пятница,13:34,#ССЫЛКА,Тема письма 18,Сегмент 1,1775030,"1739529,4","160036,7048","11522,64275","35500,6","10089,27052",Метка 18,"11176,96346","4661,911461","3962,624741","3249,352288"
Название рассылки 180,Название кампании 180,Email,Ноябрь,12.11.2021,2021,46,5,05-пятница,18:10,#ССЫЛКА,Тема письма 180,Сегмент 2,1937172,"1908114,42","210846,6434","25301,59721","29057,58","11257,87508",Метка 180,"21506,35763","13030,70209","10893,66694","8605,996886"
Название рассылки 181,Название кампании 181,Email,Ноябрь,12.11.2021,2021,46,5,05-пятница,18:10,#ССЫЛКА,Тема письма 181,Сегмент 3,961202,"941977,96","169556,0328","15260,04295","19224,04","5369,274372",Метка 181,"14039,23952","5431,781769","4410,606796","3307,955097"
Название рассылки 182,Название кампании 182,Email,Ноябрь,12.11.2021,2021,46,5,05-пятница,18:10,#ССЫЛКА,Тема письма 182,Сегмент 1,553518,"542447,64","94548,62365","7942,084387","11070,36","3091,951548",Метка 182,"7386,13848","2552,649459","2501,596469","1826,165423"
Название рассылки 183,Название кампании 183,Email,Декабрь,02.12.2021,2021,48,4,04-четверг,13:29,#ССЫЛКА,Тема письма 183,Сегмент 2,2423128,"2386781,08","263739,3093","10285,83306","36346,92","11933,9054",Метка 183,"9360,108088","2259,530093","1965,791181","1552,975033"
Название рассылки 184,Название кампании 184,Email,Декабрь,02.12.2021,2021,48,4,04-четверг,13:49,#ССЫЛКА,Тема письма 184,Сегмент 3,1613899,"1581621,02","145509,1338","10476,65764","32277,98","9173,401916",Метка 184,"9114,692144","5189,905707","4411,419851","3661,478476"
Название рассылки 185,Название кампании 185,Email,Декабрь,02.12.2021,2021,48,4,04-четверг,13:48,#ССЫЛКА,Тема письма 185,Сегмент 1,1168943,"1145564,14","199671,8296","23960,61955","23378,86","6758,828426",Метка 185,"16532,82749","4293,575299","3649,539005","2992,621984"
Название рассылки 186,Название кампании 186,Email,Декабрь,06.12.2021,2021,49,1,01-понедельник,15:36,#ССЫЛКА,Тема письма 186,Сегмент 2,1227828,"1209410,58","133639,8691","12027,58822","18417,42","6893,640306",Метка 186,"11666,76057","4866,205834","4068,148078","3213,836981"
Название рассылки 187,Название кампании 187,Email,Декабрь,06.12.2021,2021,49,1,01-понедельник,15:35,#ССЫЛКА,Тема письма 187,Сегмент 3,1137692,"1114938,16","102574,3107","8616,2421","22753,84","6355,147512",Метка 187,"7323,805785","4437,493925","3603,245067","2702,433801"
Название рассылки 188,Название кампании 188,Email,Декабрь,13.12.2021,2021,50,1,01-понедельник,14:46,#ССЫЛКА,Тема письма 188,Сегмент 1,1730060,"1695458,8","187348,1974","7306,579699","34601,2","8477,294",Метка 188,"6722,053323","2600,762431","2548,747182","1860,585443"
Название рассылки 189,Название кампании 189,Email,Декабрь,09.12.2021,2021,49,4,04-четверг,16:02,#ССЫЛКА,Тема письма 189,Сегмент 2,2131798,"2099821,03","377967,7854","27213,68055","31976,97","12178,96197",Метка 189,"25308,72291","8746,694638","7609,624335","6011,603225"
Название рассылки 19,Название кампании 19,Email,Ноябрь,12.11.2021,2021,46,5,05-пятница,13:34,#ССЫЛКА,Тема письма 19,Сегмент 1,2164372,"2121084,56","234379,8439","28125,58127","43287,44","12514,3989",Метка 19,"25594,27895","6178,458939","5251,690098","4358,902781"
Название рассылки 190,Название кампании 190,Email,Декабрь,09.12.2021,2021,49,4,04-четверг,13:02,#ССЫЛКА,Тема письма 190,Сегмент 2,1478133,"1448570,34","260742,6612","23466,83951","29562,66","4925,139156",Метка 190,"20416,15037","11624,95602","9718,463234","7969,139852"
Название рассылки 191,Название кампании 191,Email,Декабрь,15.12.2021,2021,50,3,03-среда,14:22,#ССЫЛКА,Тема письма 191,Сегмент 3,1729870,"1703921,95","296993,5959","24947,46205","25948,05","5793,33463",Метка 191,"17213,74882","4470,410568","3629,973381","2867,678971"
Название рассылки 192,Название кампании 192,Email,Декабрь,15.12.2021,2021,50,3,03-среда,14:21,#ССЫЛКА,Тема письма 192,Сегмент 1,649502,"636511,96","70334,57158","2743,048292","12990,04","1845,884684",Метка 192,"2660,756843","1109,801679","1087,605646","815,7042342"
Название рассылки 193,Название кампании 193,Email,Декабрь,16.12.2021,2021,50,4,04-четверг,13:20,#ССЫЛКА,Тема письма 193,Сегмент 2,2266270,"2220944,6","204326,9032","14711,53703","45325,4","6218,64488",Метка 193,"12504,80648","7576,662244","6591,696152","4811,938191"
Название рассылки 194,Название кампании 194,Email,Декабрь,16.12.2021,2021,50,4,04-четверг,13:18,#ССЫЛКА,Тема письма 194,Сегмент 3,1639899,"1615300,515","281546,8798","33785,62557","24598,485","5492,021751",Метка 194,"31082,77553","12025,92585","10222,03697","8075,409209"
Название рассылки 195,Название кампании 195,Email,Декабрь,20.12.2021,2021,51,1,01-понедельник,17:03,#ССЫЛКА,Тема письма 195,Сегмент 1,1307090,"1280948,2","141544,7761","12739,02985","26141,8","4355,22388",Метка 195,"11847,29776","4094,426106","3480,26219","2888,617618"
Название рассылки 196,Название кампании 196,Email,Декабрь,20.12.2021,2021,51,1,01-понедельник,14:58,#ССЫЛКА,Тема письма 196,Сегмент 2,2089912,"2048113,76","188426,4659","15827,82314","41798,24","5939,529904",Метка 196,"14403,31905","3476,96122","2906,73958","2383,526455"
Название рассылки 197,Название кампании 197,Email,Декабрь,27.12.2021,2021,52,1,01-понедельник,16:08,#ССЫЛКА,Тема письма 197,Сегмент 3,2478293,"2441118,605","269743,6059","10520,00063","37174,395","6835,132094",Метка 197,"9152,400547","5211,376871","4231,638019","3342,994035"
Название рассылки 198,Название кампании 198,Email,Декабрь,27.12.2021,2021,52,1,01-понедельник,13:17,#ССЫЛКА,Тема письма 198,Сегмент 1,2107380,"2065232,4","371741,832","26765,4119","42147,6","7021,79016",Метка 198,"18468,13421","4796,174455","4700,250966","3525,188225"
Название рассылки 199,Название кампании 199,Email,Декабрь,27.12.2021,2021,52,1,01-понедельник,16:06,#ССЫЛКА,Тема письма 199,Сегмент 2,1352779,"1325723,42","231073,5921","27728,83105","27055,58","4507,459628",Метка 199,"26896,96612","11218,72457","9760,290375","7125,011974"
Название рассылки 2,Название кампании 2,Email,Октябрь,29.10.2021,2021,44,5,05-пятница,18:00,#ССЫЛКА,Тема письма 2,Сегмент 3,2470588,"2433529,18","268904,9744","24201,4477","37058,82","7057,234622",Метка 2,"20571,23054","12464,10858","10594,4923","8369,648915"
Название рассылки 20,Название кампании 20,Email,Ноябрь,12.11.2021,2021,46,5,05-пятница,13:34,#ССЫЛКА,Тема письма 20,Сегмент 1,1813178,"1776914,44","163476,1285","13731,99479","36263,56","4975,360432",Метка 20,"12633,43521","4887,876082","4086,264405","3391,599456"
Название рассылки 200,Название кампании 200,Email,Декабрь,23.12.2021,2021,51,4,04-четверг,14:43,#ССЫЛКА,Тема письма 200,Сегмент 2,2223699,"2179225,02","379838,921","14813,71792","44473,98","5448,06255",Метка 200,"13776,75766","4761,247449","3866,132928","3170,229001"
Название рассылки 201,Название кампании 201,Email,Декабрь,23.12.2021,2021,51,4,04-четверг,14:45,#ССЫЛКА,Тема письма 201,Сегмент 3,1396682,"1375731,77","152018,3606","10945,32196","20950,23","3301,756248",Метка 201,"9960,242986","2404,402657","2356,314604","1861,488537"
Название рассылки 202,Название кампании 202,Email,Декабрь,27.12.2021,2021,52,1,01-понедельник,14:15,#ССЫЛКА,Тема письма 202,Сегмент 1,868107,"850744,86","78268,52712","9392,223254","17362,14","2467,160094",Метка 202,"8171,234231","4652,700771","4047,849671","3035,887253"
Название рассылки 203,Название кампании 203,Email,Январь,05.01.2022,2022,1,3,03-среда,12:03,#ССЫЛКА,Тема письма 203,Сегмент 2,510034,"499833,32","55231,58186","4970,842367","10200,68","1399,533296",Метка 203,"3429,881234","890,7401563","757,1291329","552,704267"
Название рассылки 204,Название кампании 204,Email,Январь,10.01.2022,2022,2,1,01-понедельник,16:32,#ССЫЛКА,Тема письма 204,Сегмент 3,542459,"534322,115","96177,9807","8078,950379","8136,885","1335,805288",Метка 204,"7836,581867","3268,638297","2778,342552","2194,890616"
Название рассылки 205,Название кампании 205,Email,Январь,10.01.2022,2022,2,1,01-понедельник,14:59,#ССЫЛКА,Тема письма 205,Сегмент 1,553237,"542172,26","59910,03473","2336,491354","11064,74","1301,213424",Метка 205,"1986,017651","1203,328095","1005,982287","834,9652985"
Название рассылки 206,Название кампании 206,Email,Январь,10.01.2022,2022,2,1,01-понедельник,16:02,#ССЫЛКА,Тема письма 206,Сегмент 2,838103,"821340,94","147841,3692","10644,57858","16762,06","2381,888726",Метка 206,"9793,012296","3788,916457","3076,600163","2522,812134"
Название рассылки 207,Название кампании 207,Email,Январь,10.01.2022,2022,2,1,01-понедельник,15:32,#ССЫЛКА,Тема письма 207,Сегмент 1,2289758,"2255411,63","393118,2471","47174,18965","34346,37","6315,152564",Метка 207,"43871,99638","15162,16195","14858,91871","11738,54578"
Название рассылки 208,Название кампании 208,Email,Январь,13.01.2022,2022,2,4,04-четверг,13:03,#ССЫЛКА,Тема письма 208,Сегмент 2,2395740,"2347825,2","259434,6846","23349,12161","47914,8","5869,563",Метка 208,"21247,70067","5129,194941","4462,399599","3346,799699"
Название рассылки 209,Название кампании 209,Email,Январь,13.01.2022,2022,2,4,04-четверг,13:03,#ССЫЛКА,Тема письма 209,Сегмент 3,1539816,"1509019,68","138829,8106","11661,70409","30796,32","3621,647232",Метка 209,"10145,68256","5776,951647","4910,4089","3584,598497"
Название рассылки 21,Название кампании 21,Email,Ноябрь,12.11.2021,2021,46,5,05-пятница,13:34,#ССЫЛКА,Тема письма 21,Сегмент 1,1321760,"1301933,6","226927,0265","8850,154033","19826,4","3775,60744",Метка 21,"6106,606283","1585,885652","1325,800405","1047,38232"
Название рассылки 210,Название кампании 210,Email,Январь,13.01.2022,2022,2,4,04-четверг,13:03,#ССЫЛКА,Тема письма 210,Сегмент 2,1839175,"1802391,5","199164,2608","14339,82677","36783,5","2703,58725",Метка 210,"13909,63197","5801,707495","4710,986486","3910,118783"
Название рассылки 211,Название кампании 211,Email,Январь,13.01.2022,2022,2,4,04-четверг,13:03,#ССЫЛКА,Тема письма 211,Сегмент 3,1953295,"1914229,1","176109,0772","21133,08926","39065,9","2871,34365",Метка 211,"17963,12587","10883,85797","10666,18081","8746,268263"
Название рассылки 212,Название кампании 212,Email,Январь,17.01.2022,2022,3,1,01-понедельник,15:48,#ССЫЛКА,Тема письма 212,Сегмент 1,1616729,"1592478,065","175968,8262","15837,19436","24250,935","2388,717098",Метка 212,"14570,21881","5637,217657","4904,379361","3874,459696"
Название рассылки 213,Название кампании 213,Email,Январь,19.01.2022,2022,3,3,03-среда,18:03,#ССЫЛКА,Тема письма 213,Сегмент 2,877792,"860236,16","154842,5088","13006,77074","17555,84","1290,35424",Метка 213,"12096,29679","4180,48017","3553,408144","2665,056108"
Название рассылки 214,Название кампании 214,Email,Январь,19.01.2022,2022,3,3,03-среда,18:32,#ССЫЛКА,Тема письма 214,Сегмент 3,2092885,"2051027,3","357494,0584","13942,26828","41857,7","3076,54095",Метка 214,"12687,46413","3062,753842","2603,340765","1900,438759"
Название рассылки 215,Название кампании 215,Email,Январь,19.01.2022,2022,3,3,03-среда,18:06,#ССЫЛКА,Тема письма 215,Сегмент 1,1305992,"1286402,12","142147,4343","10234,61527","19589,88","1929,60318",Метка 215,"8904,115282","5070,003242","4238,52271","3348,432941"
Название рассылки 216,Название кампании 216,Email,Январь,19.01.2022,2022,3,3,03-среда,18:06,#ССЫЛКА,Тема письма 216,Сегмент 2,1712023,"1677782,54","154355,9937","18522,71924","34240,46","2516,67381",Метка 216,"12780,67628","3319,141629","2695,143003","2236,968692"
Название рассылки 217,Название кампании 217,Email,Январь,20.01.2022,2022,3,4,04-четверг,13:53,#ССЫЛКА,Тема письма 217,Сегмент 3,2102905,"2060846,9","359205,6147","32328,50532","42058,1","3091,27035",Метка 217,"31358,65016","13079,69298","12818,09912","10510,84128"
Название рассылки 218,Название кампании 218,Email,Январь,20.01.2022,2022,3,4,04-четверг,13:53,#ССЫЛКА,Тема письма 218,Сегмент 1,701456,"690934,16","76348,22468","6413,250873","10521,84","1036,40124",Метка 218,"5451,263242","3302,920398","2873,540747","2270,09719"
Название рассылки 22,Название кампании 22,Email,Ноябрь,12.11.2021,2021,46,5,05-пятница,13:34,#ССЫЛКА,Тема письма 22,Сегмент 2,709715,"695520,7","63987,9044","2495,528272","14194,3","1043,28105",Метка 22,"2295,88601","888,2782972","755,0365526","566,2774145"
Название рассылки 23,Название кампании 23,Email,Ноябрь,12.11.2021,2021,46,5,05-пятница,13:34,#ССЫЛКА,Тема письма 23,Сегмент 3,1423230,"1394765,4","154121,5767","11096,75352","28464,6","2092,1481",Метка 23,"10319,98078","3566,585356","2981,665358","2176,615711"
Название рассылки 24,Название кампании 24,Email,Ноябрь,12.11.2021,2021,46,5,05-пятница,13:34,#ССЫЛКА,Тема письма 24,Сегмент 1,1042456,"1026819,16","184827,4488","22179,29386","15636,84","133486,4908",Метка 24,"20183,15741","4872,214199","3956,237929","3125,427964"
Название рассылки 25,Название кампании 25,Email,Ноябрь,12.11.2021,2021,46,5,05-пятница,13:34,#ССЫЛКА,Тема письма 25,Сегмент 2,804062,"787980,76","87071,87398","7836,468658","16081,24","102437,4988",Метка 25,"6817,727733","3882,014171","3804,373888","3157,630327"
Название рассылки 26,Название кампании 26,Email,Ноябрь,12.11.2021,2021,46,5,05-пятница,13:34,#ССЫЛКА,Тема письма 26,Сегмент 3,1364133,"1336850,34","240633,0612","20213,17714","27282,66","173790,5442",Метка 26,"13947,09223","3622,059851","3151,192071","2583,977498"
Название рассылки 27,Название кампании 27,Email,Ноябрь,12.11.2021,2021,46,5,05-пятница,13:34,#ССЫЛКА,Тема письма 27,Сегмент 1,869029,"855993,565","149199,6784","5818,787457","13035,435","111279,1635",Метка 27,"5644,223833","2354,205761","2001,074897","1580,849168"
Название рассылки 28,Название кампании 28,Email,Ноябрь,12.11.2021,2021,46,5,05-пятница,13:34,#ССЫЛКА,Тема письма 28,Сегмент 2,2117234,"2074889,32","229275,2699","16507,81943","42344,68","269735,6116",Метка 28,"14031,64652","8501,774624","7226,50843","5419,881323"
Название рассылки 29,Название кампании 29,Email,Ноябрь,30.11.2021,2021,48,2,02-вторник,11:43,#ССЫЛКА,Тема письма 29,Сегмент 1,2373922,"2326443,56","214032,8075","25683,9369","47478,44","302437,6628",Метка 29,"23629,22195","9142,145973","7642,834033","5579,268844"
Название рассылки 3,Название кампании 3,Email,Октябрь,29.10.2021,2021,44,5,05-пятница,18:07,#ССЫЛКА,Тема письма 3,Сегмент 2,867969,"854949,465","149017,6917","13411,59226","13019,535","111143,4305",Метка 3,"12472,7808","4310,593044","3500,201552","2765,159226"
Название рассылки 30,Название кампании 30,Email,Декабрь,6.12.2021,2021,49,1,01-понедельник,15:53,#ССЫЛКА,Тема письма 30,Сегмент 3,2384393,"2336705,14","258205,918","21689,29711","47687,86","303771,6682",Метка 30,"19737,26037","4764,574653","4669,28316","3875,505023"
Название рассылки 31,Название кампании 31,Email,Декабрь,6.12.2021,2021,49,1,01-понедельник,15:52,#ССЫЛКА,Тема письма 31,Сегмент 1,1688325,"1654558,5","152219,382","5936,555898","33766,5","215092,605",Метка 31,"5164,803631","2940,839188","2558,530093","2097,994676"
Название рассылки 32,Название кампании 32,Email,Ноябрь,29.11.2021,2021,48,1,01-понедельник,17:11,#ССЫЛКА,Тема письма 32,Сегмент 2,1364105,"1343643,425","148472,5985","10690,02709","20461,575","174673,6453",Метка 32,"7376,118692","1915,578024","1628,241321","1286,310643"
Название рассылки 33,Название кампании 33,Email,Декабрь,13.12.2021,2021,50,1,01-понедельник,14:47,#ССЫЛКА,Тема письма 33,Сегмент 3,2198000,2154040,"387727,2","46527,264",43960,"280025,2",Метка 33,"45131,44608","18824,32616","15737,13667","11802,8525"
Название рассылки 34,Название кампании 34,Email,Декабрь,10.12.2021,2021,50,5,05-пятница,14:18,#ССЫЛКА,Тема письма 34,Сегмент 1,560494,"549284,12","95740,22212","8616,61999","11209,88","71406,9356",Метка 34,"7324,126992","4437,688544","3603,403098","2630,484262"
Название рассылки 35,Название кампании 35,Email,Декабрь,10.12.2021,2021,50,5,05-пятница,14:17,#ССЫЛКА,Тема письма 35,Сегмент 2,1857931,"1830062,035","202221,8549","16986,63581","27868,965","237908,0646",Метка 35,"15627,70494","6046,359043","5925,431862","4681,091171"
Название рассылки 36,Название кампании 36,Email,Декабрь,16.12.2021,2021,50,4,04-четверг,13:27,#ССЫЛКА,Тема письма 36,Сегмент 3,2200788,"2156772,24","198423,0461","7738,498797","44015,76","280380,3912",Метка 36,"7196,803881","2487,215421","2163,877417","1796,018256"
Название рассылки 37,Название кампании 37,Email,Декабрь,16.12.2021,2021,50,4,04-четверг,13:22,#ССЫЛКА,Тема письма 37,Сегмент 1,1792197,"1756353,06","306132,3384","22041,52836","35843,94","193198,8366",Метка 37,"20057,79081","4841,950701","4115,658096","3374,839639"
Название рассылки 38,Название кампании 38,Email,Декабрь,20.12.2021,2021,51,1,01-понедельник,14:53,#ССЫЛКА,Тема письма 38,Сегмент 2,1128193,"1111270,105","122795,3466","14735,44159","16922,895","122239,7116",Метка 38,"12819,83419","7299,613585","6204,671547","4901,690522"
Название рассылки 39,Название кампании 39,Email,Декабрь,20.12.2021,2021,51,1,01-понедельник,17:03,#ССЫЛКА,Тема письма 39,Сегмент 3,1990579,"1950767,42","179470,6026","16152,35424","39811,58","214584,4162",Метка 39,"11145,12442","2894,388813","2419,709048","1814,781786"
Название рассылки 4,Название кампании 4,Email,Октябрь,29.10.2021,2021,44,5,05-пятница,18:50,#ССЫЛКА,Тема письма 4,Сегмент 1,2172492,"2129042,16","235259,1587","19761,76933","43449,84","234194,6376",Метка 4,"19168,91625","7995,354968","6492,228234","4739,326611"
Название рассылки 40,Название кампании 40,Email,Декабрь,20.12.2021,2021,51,1,01-понедельник,16:43,#ССЫЛКА,Тема письма 40,Сегмент 2,2175402,"2142770,97","385698,7746","15042,25221","32631,03","235704,8067",Метка 40,"12785,91438","7746,985522","7592,045811","5997,716191"
Название рассылки 41,Название кампании 41,Email,Декабрь,20.12.2021,2021,51,1,01-понедельник,17:32,#ССЫЛКА,Тема письма 41,Сегмент 3,1091818,"1069981,64","118232,9712","8512,773928","21836,36","117697,9804",Метка 41,"7831,752014","3030,104854","2636,191223","2188,038715"
Название рассылки 42,Название кампании 42,Email,Декабрь,20.12.2021,2021,51,1,01-понедельник,16:39,#ССЫЛКА,Тема письма 42,Сегмент 1,2150823,"2107806,54","379405,1772","45528,62126","43016,46","231858,7194",Метка 42,"42341,61778","14633,2631","12438,27364","10199,38438"
Название рассылки 43,Название кампании 43,Email,Декабрь,21.12.2021,2021,51,2,02-вторник,14:02,#ССЫЛКА,Тема письма 43,Сегмент 2,2268535,"2234506,975","389474,5657","35052,71092","34028,025","245795,7673",Метка 43,"31897,96693","7700,169218","6437,341466","5085,499758"
Название рассылки 44,Название кампании 44,Email,Декабрь,28.12.2021,2021,52,2,02-вторник,14:19,#ССЫЛКА,Тема письма 44,Сегмент 3,1442683,"1413829,34","156228,1421","13123,16393","28853,66","155521,2274",Метка 44,"11417,15262","6500,926703","5278,752483","3959,064362"
Название рассылки 45,Название кампании 45,Email,Январь,05.01.2022,2022,1,3,03-среда,11:03,#ССЫЛКА,Тема письма 45,Сегмент 1,919076,"900694,48","82863,89216","3231,691794","18381,52","99076,3928",Метка 45,"2229,867338","579,0965477","567,5146167","414,2856702"
Название рассылки 46,Название кампании 46,Email,Январь,05.01.2022,2022,1,3,03-среда,11:03,#ССЫЛКА,Тема письма 46,Сегмент 2,773615,"762010,775","132818,4781","9562,930422","11604,225","83821,18525",Метка 46,"9276,042509","3869,037331","3366,062478","2659,189357"
Название рассылки 47,Название кампании 47,Email,Январь,10.01.2022,2022,2,1,01-понедельник,14:54,#ССЫЛКА,Тема письма 47,Сегмент 1,1588300,1556534,"171997,007","20639,64084",31766,"171218,74",Метка 47,"17543,69471","10629,72463","9035,265933","7499,270724"
Название рассылки 48,Название кампании 48,Email,Январь,10.01.2022,2022,2,1,01-понедельник,14:57,#ССЫЛКА,Тема письма 48,Сегмент 2,1759690,"1724496,2","158653,6504","14278,82854","35193,8","189694,582",Метка 48,"13136,52225","5082,52046","4320,142391","3542,51676"
Название рассылки 49,Название кампании 49,Email,Январь,14.01.2022,2022,3,5,05-пятница,12:18,#ССЫЛКА,Тема письма 49,Сегмент 3,1925119,"1896242,215","209534,7648","17600,92024","28876,785","208586,6437",Метка 49,"16368,85582","5657,076572","4729,316015","3736,159651"
Название рассылки 5,Название кампании 5,Email,Ноябрь,03.11.2021,2021,44,3,03-среда,14:43,#ССЫЛКА,Тема письма 5,Сегмент 1,1426654,"1398120,92","251661,7656","9814,808858","28533,08","153793,3012",Метка 5,"8931,476061","2156,058321","1750,719357","1313,039518"
Название рассылки 50,Название кампании 50,Email,Январь,14.01.2022,2022,3,5,05-пятница,12:18,#ССЫЛКА,Тема письма 50,Сегмент 2,2113773,"2071497,54","361062,0212","25996,46553","42275,46","227864,7294",Метка 50,"22616,92501","12878,0771","12620,51556","9212,976358"
Название рассылки 51,Название кампании 51,Email,Январь,14.01.2022,2022,3,5,05-пятница,12:18,#ССЫЛКА,Тема письма 51,Сегмент 3,963320,"948870,2","104850,1571","12582,01885","14449,8","104375,722",Метка 51,"8681,593008","2254,609704","1961,510443","1549,59325"
Название рассылки 52,Название кампании 52,Email,Январь,14.01.2022,2022,3,5,05-пятница,12:18,#ССЫЛКА,Тема письма 52,Сегмент 1,1085551,"1063839,98","97873,27816","8808,595034","21711,02","117022,3978",Метка 52,"8544,337183","3563,843039","3029,266583","2514,291264"
Название рассылки 53,Название кампании 53,Email,Январь,13.01.2022,2022,2,4,04-четверг,15:32,#ССЫЛКА,Тема письма 53,Сегмент 2,2288886,"2243108,28","390973,7732","32841,79695","45777,72","246741,9108",Метка 53,"27915,52741","16914,01806","14140,11909","11594,89766"
Название рассылки 54,Название кампании 54,Email,Январь,13.01.2022,2022,2,4,04-четверг,15:32,#ССЫЛКА,Тема письма 54,Сегмент 3,1082722,"1066481,17","117846,1693","4596,000602","16240,83","117312,9287",Метка 54,"4228,320554","1635,937222","1328,381025","1049,421009"
Название рассылки 55,Название кампании 55,Email,Январь,13.01.2022,2022,2,4,04-четверг,15:32,#ССЫЛКА,Тема письма 55,Сегмент 1,1217975,"1193615,5","109812,626","7906,509072","24359,5","131297,705",Метка 55,"7353,053437","2541,215268","2490,390962","1867,793222"
Название рассылки 56,Название кампании 56,Email,Январь,13.01.2022,2022,2,4,04-четверг,15:32,#ССЫЛКА,Тема письма 56,Сегмент 2,2434236,"2385551,28","263603,4164","31632,40997","48684,72","262410,6408",Метка 56,"28785,49308","6948,818028","6045,471685","4413,19433"
Название рассылки 57,Название кампании 57,Email,Январь,17.01.2022,2022,3,1,01-понедельник,15:32,#ССЫЛКА,Тема письма 57,Сегмент 3,1722650,"1696810,25","305425,845","27488,32605","25839,75","15271,29225",Метка 57,"23914,84366","13617,11198","11574,54518","9143,890696"
Название рассылки 58,Название кампании 58,Email,Январь,21.01.2022,2022,4,5,05-пятница,12:52,#ССЫЛКА,Тема письма 58,Сегмент 1,1532716,"1502061,68","165977,8156","13942,13651","30654,32","13518,55512",Метка 58,"9620,074194","2498,333268","2123,583278","1762,574121"
Название рассылки 59,Название кампании 59,Email,Январь,25.01.2022,2022,4,2,02-вторник,15:32,#ССЫЛКА,Тема письма 59,Сегмент 2,2054933,"2013834,34","362490,1812","14137,11707","41098,66","18124,50906",Метка 59,"13713,00355","5719,693783","4781,664002","3920,964482"
Название рассылки 6,Название кампании 6,Email,Ноябрь,03.11.2021,2021,44,3,03-среда,14:44,#ССЫЛКА,Тема письма 6,Сегмент 3,1098904,"1082420,44","188665,8827","13583,94355","16483,56","9741,78396",Метка 6,"11546,35202","6995,934689","5680,698968","4487,752185"
Название рассылки 60,Название кампании 60,Email,Январь,25.01.2022,2022,4,2,02-вторник,15:32,#ССЫЛКА,Тема письма 60,Сегмент 1,756282,"741156,36","81897,77778","9827,733334","15125,64","6670,40724",Метка 60,"9041,514667","3498,162025","3428,198784","2571,149088"
Название рассылки 61,Название кампании 61,Email,Январь,27.01.2022,2022,4,4,04-четверг,12:52,#ССЫЛКА,Тема письма 61,Сегмент 2,664194,"650910,12","59883,73104","5389,535794","13283,88","5858,19108",Метка 61,"5012,268288","1732,23992","1507,048731","1100,145573"
Название рассылки 62,Название кампании 62,Email,Январь,27.01.2022,2022,4,4,04-четверг,12:52,#ССЫЛКА,Тема письма 62,Сегмент 3,1778134,"1751461,99","305279,8249","25643,50529","26672,01","15763,15791",Метка 62,"23335,58981","5633,211381","4788,229674","3782,701442"
Название рассылки 63,Название кампании 63,Email,Январь,27.01.2022,2022,4,4,04-четверг,12:52,#ССЫЛКА,Тема письма 63,Сегмент 1,1689302,"1655515,96","182934,5136","7134,44603","33786,04","14899,64364",Метка 63,"6206,968046","3534,247605","2954,630998","2452,343728"
Название рассылки 64,Название кампании 64,Email,Январь,27.01.2022,2022,4,4,04-четверг,12:52,#ССЫЛКА,Тема письма 64,Сегмент 2,2314892,"2268594,16","208710,6627","15027,16772","46297,84","20417,34744",Метка 64,"10368,74572","2692,763265","2186,523771","1792,949492"
Название рассылки 65,Название кампании 65,Email,Февраль,01.02.2022,2022,5,2,02-вторник,14:45,#ССЫЛКА,Тема письма 65,Сегмент 1,928141,"914218,885","101021,1868","12122,54242","13922,115","8227,969965",Метка 65,"11758,86614","4904,623068","4806,530607","3797,159179"
Название рассылки 66,Название кампании 66,Email,Февраль,01.02.2022,2022,5,2,02-вторник,14:46,#ССЫЛКА,Тема письма 66,Сегмент 2,762530,"747279,4","134510,292","12105,92628","15250,6","6725,5146",Метка 66,"10290,03734","6234,733623","5424,218252","4068,163689"
Название рассылки 67,Название кампании 67,Email,Февраль,03.02.2022,2022,5,4,04-четверг,16:08,#ССЫЛКА,Тема письма 67,Сегмент 3,1416809,"1388472,82","242010,8125","20328,90825","28336,18","12496,25538",Метка 67,"18702,59559","7236,034235","6150,629099","4489,959243"
Название рассылки 68,Название кампании 68,Email,Февраль,03.02.2022,2022,5,4,04-четверг,16:09,#ССЫЛКА,Тема письма 68,Сегмент 1,1273715,"1254609,275","138634,3249","5406,738671","19105,725","11291,48348",Метка 68,"5028,266964","1737,769063","1477,103703","1166,911926"
Название рассылки 69,Название кампании 69,Email,Февраль,08.02.2022,2022,6,2,02-вторник,15:59,#ССЫЛКА,Тема письма 69,Сегмент 2,1544032,"1513151,36","139209,9251","10023,11461","30880,64","13618,36224",Метка 69,"9121,034294","2201,817679","1840,719579","1527,797251"
Название рассылки 7,Название кампании 7,Email,Ноябрь,03.11.2021,2021,44,3,03-среда,14:46,#ССЫЛКА,Тема письма 7,Сегмент 3,1905139,"1867036,22","325424,4131","39050,92958","38102,78","16803,32598",Метка 7,"33974,30873","19344,97139","15708,11677","12880,65575"
Название рассылки 70,Название кампании 70,Email,Февраль,08.02.2022,2022,6,2,02-вторник,15:59,#ССЫЛКА,Тема письма 70,Сегмент 1,925705,"911819,425","100756,0465","9068,044182","13885,575","8206,374825",Метка 70,"6256,950485","1624,930041","1592,43144","1258,020838"
Название рассылки 71,Название кампании 71,Email,Февраль,10.02.2022,2022,6,4,04-четверг,15:48,#ССЫЛКА,Тема письма 71,Сегмент 2,1719605,"1685212,9","155039,5868","13023,32529","34392,1","15166,9161",Метка 71,"12632,62553","5269,06811","4584,089255","3438,066942"
Название рассылки 72,Название кампании 72,Email,Февраль,14.02.2022,2022,7,1,01-понедельник,15:53,#ССЫЛКА,Тема письма 72,Сегмент 3,2028149,"1987586,02","219628,2552","8565,501953","40562,98","17888,27418",Метка 72,"7280,67666","4411,361988","3749,65769","2737,250114"
Название рассылки 73,Название кампании 73,Email,Февраль,18.02.2022,2022,8,5,05-пятница,13:36,#ССЫЛКА,Тема письма 73,Сегмент 1,1026345,"1010949,825","181970,9685","13101,90973","15395,175","9098,548425",Метка 73,"12053,75695","4663,598565","3898,768401","3080,027036"
Название рассылки 74,Название кампании 74,Email,Февраль,23.02.2022,2022,8,3,03-среда,15:53,#ССЫЛКА,Тема письма 74,Сегмент 2,2170743,"2127328,14","235069,7595","28208,37114","43414,86","19145,95326",Метка 74,"26233,78516","9066,39615","7361,913674","6110,388349"
Название рассылки 75,Название кампании 75,Email,Февраль,23.02.2022,2022,8,3,03-среда,15:53,#ССЫЛКА,Тема письма 75,Сегмент 3,1812082,"1775840,36","319651,2648","28768,61383","36241,64","15982,56324",Метка 75,"26179,43859","6319,716475","6193,322145","5078,524159"
Название рассылки 76,Название кампании 76,Email,Февраль,23.02.2022,2022,8,3,03-среда,15:53,#ССЫЛКА,Тема письма 76,Сегмент 1,1188879,"1171045,815","204113,2856","17145,51599","17833,185","10539,41234",Метка 76,"14916,59891","8493,511418","7389,354934","5837,590398"
Название рассылки 77,Название кампании 77,Email,Февраль,23.02.2022,2022,8,3,03-среда,15:53,#ССЫЛКА,Тема письма 77,Сегмент 2,901704,"883669,92","97645,52616","3808,17552","18034,08","7953,02928",Метка 77,"2627,641109","682,398396","580,0386366","435,0289774"
Название рассылки 78,Название кампании 78,Email,Февраль,23.02.2022,2022,8,3,03-среда,15:53,#ССЫЛКА,Тема письма 78,Сегмент 3,2239201,"2194416,98","201886,3622","14535,81808","44784,02","19749,75282",Метка 78,"14099,74353","5881,003028","4998,852574","3649,162379"
Название рассылки 79,Название кампании 79,Email,Февраль,23.02.2022,2022,8,3,03-среда,15:53,#ССЫЛКА,Тема письма 79,Сегмент 1,890442,"877085,37","152875,98","18345,1176","13356,63","7893,76833",Метка 79,"15593,34996","9448,01074","7898,536979","6239,844213"
Название рассылки 8,Название кампании 8,Email,Ноябрь,03.11.2021,2021,44,3,03-среда,10:38,#ССЫЛКА,Тема письма 8,Сегмент 2,1885534,"1847823,32","204184,4769","18376,60292","37710,68","16630,40988",Метка 8,"16906,47468","6541,115055","5311,385425","4408,449903"
Название рассылки 80,Название кампании 80,Email,Февраль,23.02.2022,2022,8,3,03-среда,15:53,#ССЫЛКА,Тема письма 80,Сегмент 3,2065892,"2024574,16","186260,8227","15645,90911","41317,84","18221,16744",Метка 80,"14550,69547","5028,720355","4928,145948","4041,079677"
Название рассылки 81,Название кампании 81,Email,Февраль,23.02.2022,2022,8,3,03-среда,15:53,#ССЫЛКА,Тема письма 81,Сегмент 1,961099,"946682,515","104608,4179","4079,728298","14416,485","8520,142635",Метка 81,"3712,552752","896,2102342","779,7029038","615,965294"
Название рассылки 82,Название кампании 82,Email,Март,10.03.2022,2022,10,4,04-четверг,14:33,#ССЫЛКА,Тема письма 82,Сегмент 2,2273314,"2227847,72","401012,5896","28872,90645","45466,28","20050,62948",Метка 82,"25119,42861","14303,00265","12157,55225","9118,164191"
Название рассылки 83,Название кампании 83,Email,Март,10.03.2022,2022,10,4,04-четверг,14:33,#ССЫЛКА,Тема письма 83,Сегмент 1,773590,"758118,2","132140,0023","15856,80027","15471,8","6823,0638",Метка 83,"10941,19219","2841,427611","2375,433483","1734,066442"
Название рассылки 84,Название кампании 84,Email,Март,15.03.2022,2022,11,2,02-вторник,13:42,#ССЫЛКА,Тема письма 84,Сегмент 2,1003090,"988043,65","109178,8233","9826,094099","15046,35","8892,39285",Метка 84,"9531,311276","3975,509933","3228,114066","2550,210112"
Название рассылки 85,Название кампании 85,Email,Март,18.03.2022,2022,12,5,05-пятница,14:27,#ССЫЛКА,Тема письма 85,Сегмент 3,2410055,"2361853,9","217290,5588","18252,40694","48201,1","21256,6851",Метка 85,"15514,5459","9400,26336","9212,258093","7646,174217"
Название рассылки 86,Название кампании 86,Email,Март,18.03.2022,2022,12,5,05-пятница,14:27,#ССЫЛКА,Тема письма 86,Сегмент 1,2377276,"2329730,48","406072,0227","15836,80888","47545,52","20967,57432",Метка 86,"14569,86417","5637,080449","4904,25999","4021,493192"
Название рассылки 87,Название кампании 87,Email,Март,18.03.2022,2022,12,5,05-пятница,14:27,#ССЫЛКА,Тема письма 87,Сегмент 2,2109213,"2077574,805","229572,016","16529,18515","31638,195","18698,17325",Метка 87,"15372,14219","5312,61234","4515,720489","3567,419186"
Название рассылки 88,Название кампании 88,Email,Март,18.03.2022,2022,12,5,05-пятница,14:27,#ССЫЛКА,Тема письма 88,Сегмент 3,978161,"958597,78","88190,99576","10582,91949","19563,22","8627,38002",Метка 88,"9630,456737","2324,792256","1976,073418","1482,055063"
Название рассылки 89,Название кампании 89,Email,Март,18.03.2022,2022,12,5,05-пятница,14:27,#ССЫЛКА,Тема письма 89,Сегмент 1,857219,"840074,62","92828,24551","8354,542096","17144,38","7560,67158",Метка 89,"7268,451623","4138,656354","3459,916712","2525,7392"
Название рассылки 9,Название кампании 9,Email,Ноябрь,05.11.2021,2021,45,5,05-пятница,12:02,#ССЫЛКА,Тема письма 9,Сегмент 2,635111,"625584,335","112605,1803","9458,835145","9526,665","5630,259015",Метка 9,"6526,59625","1694,957046","1376,305121","1087,281046"
Название рассылки 90,Название кампании 90,Email,Март,18.03.2022,2022,12,5,05-пятница,14:27,#ССЫЛКА,Тема письма 90,Сегмент 3,585396,"573688,08","63392,53284","2472,308781","11707,92","5163,19272",Метка 90,"2398,139517","1000,263993","980,2587128","813,6147316"
Название рассылки 91,Название кампании 91,Email,Март,18.03.2022,2022,12,5,05-пятница,14:27,#ССЫЛКА,Тема письма 91,Сегмент 1,1867794,"1830438,12","329478,8616","23722,47804","37355,88","16473,94308",Метка 91,"20164,10633","12217,43203","10629,16586","8715,916007"
Название рассылки 92,Название кампании 92,Email,Март,24.03.2022,2022,12,4,04-четверг,15:59,#ССЫЛКА,Тема письма 92,Сегмент 2,1509215,"1486576,775","259110,3319","31093,23983","22638,225","13379,19098",Метка 92,"28605,78064","11067,57653","9407,44005","7431,87764"
Название рассылки 93,Название кампании 93,Email,Март,24.03.2022,2022,12,4,04-четверг,16:03,#ССЫЛКА,Тема письма 93,Сегмент 3,911950,893711,"98755,0655","8887,955895",18239,"8043,399",Метка 93,"8265,798982","2856,660128","2388,167867","1791,1259"
Название рассылки 94,Название кампании 94,Email,Март,24.03.2022,2022,12,4,04-четверг,16:02,#ССЫЛКА,Тема письма 94,Сегмент 1,1803085,"1767023,3","162566,1436","13655,55606","36061,7","15903,2097",Метка 94,"12426,55602","2999,770622","2435,813745","1778,144034"
Название рассылки 95,Название кампании 95,Email,Март,24.03.2022,2022,12,4,04-четверг,16:01,#ССЫЛКА,Тема письма 95,Сегмент 2,2458586,"2421707,21","422103,5667","16462,0391","36878,79","21795,36489",Метка 95,"14321,97402","8154,932006","7991,833366","6313,548359"
Название рассылки 96,Название кампании 96,Email,Март,24.03.2022,2022,12,4,04-четверг,16:01,#ССЫЛКА,Тема письма 96,Сегмент 3,1099253,"1077267,94","119038,1074","8570,743731","21985,06","9695,41146",Метка 96,"5913,813174","1535,817281","1336,161035","1109,013659"
Название рассылки 97,Название кампании 97,Email,Март,24.03.2022,2022,12,4,04-четверг,15:04,#ССЫЛКА,Тема письма 97,Сегмент 1,2054044,"2012963,12","185192,607","22223,11284","41080,88","18116,66808",Метка 97,"21556,41946","8991,182557","7642,505173","6266,854242"
Название рассылки 98,Название кампании 98,Email,Март,28.03.2022,2022,13,1,01-понедельник,16:01,#ССЫЛКА,Тема письма 98,Сегмент 2,1007370,"992259,45","109644,6692","9868,02023","15110,55","8930,33505",Метка 98,"8387,817196","5082,178439","3811,633829","3011,190725"
Название рассылки 99,Название кампании 99,Email,Март,28.03.2022,2022,13,1,01-понедельник,16:02,#ССЫЛКА,Тема письма 99,Сегмент 3,2475420,"2425911,6","436664,088","36679,78339","49508,4","21833,2044",Метка 99,"33745,40072","13056,09554","10314,31548","7735,736607"